number,value,datetime_start,datetime_complete,duration,params_batch_size,params_colnorm_thresh,params_dist1,params_iseed,params_l2_penalty_choice,params_l2_penalty_nz,params_lr,params_lr_anneal_start,params_nhid1,params_nhid2,params_nhid3,params_pca_energy,params_preproc,params_scale_heur1,params_scale_mult1,params_squash,user_attrs_avg_fit_criteria,user_attrs_ed_cl1_mean,user_attrs_ed_cl2_mean,user_attrs_ed_cl3_mean,state,avg_fit_criteria,ed_cl1_mean,ed_cl2_mean,ed_cl3_mean
0,0.1134677454829216,2025-08-24 10:50:01.625811,2025-08-24 11:18:28.301558,0 days 00:28:26.675747,20,,uniform,6,nz,2.408891693835518e-07,1.9068306386240476e-05,800,80,288,512,,raw,Glorot,,logistic,0.013023320833841959,0.012913894653320313,0.013140201568603516,0.01301586627960205,COMPLETE,0.013023320833841959,0.012913894653320313,0.013140201568603516,0.01301586627960205
1,0.1134677454829216,2025-08-24 11:18:28.303447,2025-08-24 11:24:12.836120,0 days 00:05:44.532673,100,,uniform,6,nz,0.0002069877935427099,4.532045798669679e-05,803,224,512,384,,raw,Glorot,,tanh,0.012992175420125325,0.01298511028289795,0.01315925121307373,0.012832164764404297,COMPLETE,0.012992175420125325,0.01298511028289795,0.01315925121307373,0.012832164764404297
2,0.14329032897949218,2025-08-24 11:24:12.836480,2025-08-24 11:51:26.973723,0 days 00:27:14.137243,20,,normal,6,zero,,0.003593917669469153,294,432,16,96,0.7614531005141727,pca,old,0.755934832754835,tanh,0.012503115336100261,0.013176536560058594,0.01101689338684082,0.013315916061401367,COMPLETE,0.012503115336100261,0.013176536560058594,0.01101689338684082,0.013315916061401367
3,0.1134677454829216,2025-08-24 11:51:26.974098,2025-08-24 11:56:56.427228,0 days 00:05:29.453130,100,,normal,5,zero,,0.04669620740529656,5948,352,336,320,,raw,old,1.0291345330938984,logistic,0.013042736053466798,0.012888813018798828,0.01327371597290039,0.012965679168701172,COMPLETE,0.013042736053466798,0.012888813018798828,0.01327371597290039,0.012965679168701172
4,0.1134677454829216,2025-08-24 11:56:56.427547,2025-08-24 12:02:43.041093,0 days 00:05:46.613546,100,,normal,5,nz,5.8733668003591766e-08,0.0006009208989093564,129,80,368,848,,raw,old,0.9564623006105633,logistic,0.013152464230855304,0.012960863113403321,0.013309192657470704,0.013187336921691894,COMPLETE,0.013152464230855304,0.012960863113403321,0.013309192657470704,0.013187336921691894
5,0.7899032473564148,2025-08-24 12:02:43.041407,2025-08-24 12:08:16.020855,0 days 00:05:32.979448,100,,normal,6,zero,,0.020672492838662945,4902,48,560,832,0.92848781305588,pca,old,0.9947535368647515,tanh,0.008573277791341146,0.004750657081604004,0.009931516647338868,0.011037659645080567,COMPLETE,0.008573277791341146,0.004750657081604004,0.009931516647338868,0.011037659645080567
6,0.5498709827661514,2025-08-24 12:08:16.021149,2025-08-24 12:13:47.351017,0 days 00:05:31.329868,100,,normal,8,zero,,0.902290355038375,303,160,32,544,0.531811142849276,pca,Glorot,,tanh,,,,,COMPLETE,,,,
7,0.1134677454829216,2025-08-24 12:13:47.351324,2025-08-24 12:19:34.735083,0 days 00:05:47.383759,100,,uniform,8,nz,1.7286821158315726e-07,7.984786193040815e-05,2976,944,32,704,0.5603162141530791,pca,Glorot,,logistic,0.013161484400431316,0.013233375549316407,0.012963271141052246,0.013287806510925293,COMPLETE,0.013161484400431316,0.013233375549316407,0.012963271141052246,0.013287806510925293
8,0.1134677454829216,2025-08-24 12:19:34.736677,2025-08-24 12:46:45.610330,0 days 00:27:10.873653,20,1.0252773110077433e-06,normal,5,zero,,0.010819702277292158,2651,960,400,672,,colnorm,old,0.7176438958158204,logistic,0.013125205039978027,0.013078594207763672,0.013044309616088868,0.013252711296081543,COMPLETE,0.013125205039978027,0.013078594207763672,0.013044309616088868,0.013252711296081543
9,0.8778871536254883,2025-08-24 12:46:45.610694,2025-08-24 12:52:32.120217,0 days 00:05:46.509523,100,,uniform,8,nz,3.0495251798820325e-05,0.07968268616303291,1813,208,320,256,,raw,old,1.432827266708205,tanh,0.005783589680989583,0.0034726858139038086,0.007043623924255371,0.00683445930480957,COMPLETE,0.005783589680989583,0.0034726858139038086,0.007043623924255371,0.00683445930480957
10,0.11729032695293426,2025-08-24 12:52:32.120580,2025-08-24 13:19:56.434730,0 days 00:27:24.314150,20,,normal,7,zero,,9.278261226540327e-05,117,112,672,320,0.9177342805737674,pca,Glorot,,tanh,0.013138198852539062,0.01330862045288086,0.01312880516052246,0.012977170944213866,COMPLETE,0.013138198852539062,0.01330862045288086,0.01312880516052246,0.012977170944213866
11,0.1134677454829216,2025-08-24 13:19:56.437300,2025-08-24 13:25:42.120574,0 days 00:05:45.683274,100,,normal,6,nz,1.5178620982137476e-05,6.138743611911215e-05,6294,912,336,912,,raw,old,0.4880602306015901,tanh,0.013171545664469401,0.013025522232055664,0.013105106353759766,0.013384008407592773,COMPLETE,0.013171545664469401,0.013025522232055664,0.013105106353759766,0.013384008407592773
12,0.1134677454829216,2025-08-24 13:25:42.120878,2025-08-24 13:53:05.206489,0 days 00:27:23.085611,20,,normal,6,zero,,0.037881959609401966,7519,160,176,64,,raw,Glorot,,logistic,0.012423117955525717,0.01300952434539795,0.012865447998046875,0.011394381523132324,COMPLETE,0.012423117955525717,0.01300952434539795,0.012865447998046875,0.011394381523132324
13,0.1134677454829216,2025-08-24 13:53:05.206844,2025-08-24 13:58:56.304708,0 days 00:05:51.097864,100,,normal,7,nz,0.004083646289694694,0.00017587308626797383,3552,896,736,112,0.934529193152835,pca,Glorot,,logistic,0.013116939862569172,0.013219141960144043,0.013017535209655762,0.013114142417907714,COMPLETE,0.013116939862569172,0.013219141960144043,0.013017535209655762,0.013114142417907714
14,0.8869677901268005,2025-08-24 13:58:56.305002,2025-08-24 14:26:22.383338,0 days 00:27:26.078336,20,,normal,6,zero,,0.3044525615065604,204,704,176,352,0.5043995553501397,pca,Glorot,,tanh,0.006760621070861817,0.007578992843627929,0.004676628112792969,0.00802624225616455,COMPLETE,0.006760621070861817,0.007578992843627929,0.004676628112792969,0.00802624225616455
15,0.1134677454829216,2025-08-24 14:26:22.383736,2025-08-24 14:55:13.206906,0 days 00:28:50.823170,20,,uniform,6,nz,4.5217557451024084e-07,0.00024928315599298995,515,512,176,752,,raw,old,1.1709311779111824,tanh,0.013175471623738605,0.013152241706848145,0.013226985931396484,0.013147187232971192,COMPLETE,0.013175471623738605,0.013152241706848145,0.013226985931396484,0.013147187232971192
16,0.1134677454829216,2025-08-24 14:55:13.208382,2025-08-24 15:00:40.196043,0 days 00:05:26.987661,100,,uniform,6,zero,,0.00034912391835984966,2655,1008,352,736,,raw,Glorot,,tanh,0.013091556231180829,0.013102269172668457,0.013075637817382812,0.013096761703491212,COMPLETE,0.013091556231180829,0.013102269172668457,0.013075637817382812,0.013096761703491212
17,0.1134677454829216,2025-08-24 15:00:40.196726,2025-08-24 15:29:17.395664,0 days 00:28:37.198938,20,,normal,6,nz,0.003098891758417325,0.0008440164593981861,1301,912,880,240,0.5561063925658498,pca,old,0.5462544338135313,logistic,0.01315163771311442,0.013026595115661621,0.013191938400268555,0.013236379623413086,COMPLETE,0.01315163771311442,0.013026595115661621,0.013191938400268555,0.013236379623413086
18,0.1134677454829216,2025-08-24 15:29:17.396044,2025-08-24 15:57:52.298327,0 days 00:28:34.902283,20,,uniform,7,nz,0.0012361063948476514,0.00017047912451343645,270,480,992,624,,raw,Glorot,,logistic,0.013161643346150718,0.013174629211425782,0.013205361366271973,0.013104939460754394,COMPLETE,0.013161643346150718,0.013174629211425782,0.013205361366271973,0.013104939460754394
19,0.1134677454829216,2025-08-24 15:57:52.298702,2025-08-24 16:25:07.331449,0 days 00:27:15.032747,20,,normal,8,zero,,0.8186484618563397,3702,224,896,720,,raw,Glorot,,logistic,0.0016287485758463543,0.003988814353942871,0.00035939216613769533,0.000538039207458496,COMPLETE,0.0016287485758463543,0.003988814353942871,0.00035939216613769533,0.000538039207458496
20,0.1134677454829216,2025-08-24 16:25:07.333510,2025-08-24 16:30:49.291580,0 days 00:05:41.958070,100,,uniform,6,nz,0.0002247144159652352,0.5824613263289332,1377,96,176,32,,raw,Glorot,,logistic,0.012504831949869793,0.012772631645202637,0.01327064037322998,0.011471223831176759,COMPLETE,0.012504831949869793,0.012772631645202637,0.01327064037322998,0.011471223831176759
21,0.1134677454829216,2025-08-24 16:30:49.291919,2025-08-24 16:36:35.503135,0 days 00:05:46.211216,100,,uniform,6,nz,0.0031762322412963125,0.0008525836944886396,895,656,352,992,,raw,old,0.8825031528075136,tanh,0.013158551851908366,0.01297447681427002,0.013286137580871582,0.013215041160583496,COMPLETE,0.013158551851908366,0.01297447681427002,0.013286137580871582,0.013215041160583496
22,0.1134677454829216,2025-08-24 16:36:35.504722,2025-08-24 16:42:07.307182,0 days 00:05:31.802460,100,1.1440763747069189e-09,uniform,6,zero,,0.0013572916218580562,286,1008,1008,560,,colnorm,old,0.6363168365090601,logistic,0.013091762860616049,0.013129591941833496,0.01306459903717041,0.013081097602844238,COMPLETE,0.013091762860616049,0.013129591941833496,0.01306459903717041,0.013081097602844238
23,0.1134677454829216,2025-08-24 16:42:07.307498,2025-08-24 16:47:36.657997,0 days 00:05:29.350499,100,,normal,8,zero,,4.3061830079117834e-05,102,96,800,16,0.9535186884098954,pca,old,0.4229283393084612,tanh,0.01128822167714437,0.012804579734802247,0.013088798522949219,0.00797128677368164,COMPLETE,0.01128822167714437,0.012804579734802247,0.013088798522949219,0.00797128677368164
24,0.11361290663480758,2025-08-24 16:47:36.658312,2025-08-24 17:16:22.336266,0 days 00:28:45.677954,20,5.659468770678343e-08,normal,7,nz,2.972205680742184e-07,6.15282914558757e-06,3796,128,800,288,,colnorm,Glorot,,tanh,0.013184793790181476,0.012923097610473633,0.013512372970581055,0.013118910789489745,COMPLETE,0.013184793790181476,0.012923097610473633,0.013512372970581055,0.013118910789489745
25,0.1134677454829216,2025-08-24 17:16:22.336648,2025-08-24 17:43:41.767964,0 days 00:27:19.431316,20,,normal,5,zero,,0.001237123628998651,4732,752,992,160,,raw,Glorot,,logistic,0.013113872210184735,0.01322159767150879,0.01316397190093994,0.012956047058105468,COMPLETE,0.013113872210184735,0.01322159767150879,0.01316397190093994,0.012956047058105468
26,0.1134677454829216,2025-08-24 17:43:41.768336,2025-08-24 18:12:26.676755,0 days 00:28:44.908419,20,,uniform,6,nz,0.00025273534942158024,1.5444453286934103e-06,443,832,48,704,0.5000924595149698,pca,old,1.6974991883625365,logistic,0.01326301097869873,0.012903738021850585,0.013925909996032715,0.01295938491821289,COMPLETE,0.01326301097869873,0.012903738021850585,0.013925909996032715,0.01295938491821289
27,0.1134677454829216,2025-08-24 18:12:26.677908,2025-08-24 18:41:12.497026,0 days 00:28:45.819118,20,,uniform,5,nz,2.8653067848446513e-08,0.13594321102820803,100,64,960,832,0.5315053238870611,pca,Glorot,,logistic,0.013150628407796225,0.013089370727539063,0.013146543502807617,0.013215970993041993,COMPLETE,0.013150628407796225,0.013089370727539063,0.013146543502807617,0.013215970993041993
28,0.1134677454829216,2025-08-24 18:41:12.497439,2025-08-24 18:46:58.403794,0 days 00:05:45.906355,100,,uniform,8,nz,2.195171270562009e-06,0.00019975831193664464,686,64,592,192,,raw,Glorot,,logistic,0.013001108169555664,0.012754201889038086,0.013130259513854981,0.013118863105773926,COMPLETE,0.013001108169555664,0.012754201889038086,0.013130259513854981,0.013118863105773926
29,0.1134677454829216,2025-08-24 18:46:58.404136,2025-08-24 18:52:45.383454,0 days 00:05:46.979318,100,,uniform,8,nz,1.1354612839945856e-05,5.104214441669944e-05,474,816,576,16,,raw,old,1.84336145631759,tanh,0.012582945823669435,0.012932229042053222,0.013145804405212402,0.011670804023742676,COMPLETE,0.012582945823669435,0.012932229042053222,0.013145804405212402,0.011670804023742676
30,0.11374193876981735,2025-08-24 18:52:45.383775,2025-08-24 19:21:30.832612,0 days 00:28:45.448837,20,,normal,5,nz,3.4666480400355086e-05,3.0590198493981793e-06,1159,1024,560,320,0.5285715720343376,pca,Glorot,,tanh,0.013151470820109049,0.013156604766845704,0.012941122055053711,0.013356685638427734,COMPLETE,0.013151470820109049,0.013156604766845704,0.012941122055053711,0.013356685638427734
31,0.1134677454829216,2025-08-24 19:21:30.834562,2025-08-24 19:27:01.290338,0 days 00:05:30.455776,100,,normal,7,zero,,0.0013178595061205047,329,544,624,736,,raw,Glorot,,tanh,0.013128058115641278,0.013079953193664551,0.013156676292419433,0.013147544860839844,COMPLETE,0.013128058115641278,0.013079953193664551,0.013156676292419433,0.013147544860839844
32,0.1134677454829216,2025-08-24 19:27:01.290633,2025-08-24 19:32:28.798704,0 days 00:05:27.508071,100,,normal,5,zero,,8.060709675998e-05,273,592,848,816,,raw,Glorot,,logistic,0.013014499346415203,0.012946438789367676,0.013173317909240723,0.012923741340637207,COMPLETE,0.013014499346415203,0.012946438789367676,0.013173317909240723,0.012923741340637207
33,0.8884355306625367,2025-08-24 19:32:28.799032,2025-08-24 19:38:01.003504,0 days 00:05:32.204472,100,,uniform,5,zero,,0.3881631908547999,550,656,768,480,0.8360361547567354,pca,old,0.34952059690438664,tanh,0.009041778246561686,0.008571648597717285,0.009940052032470703,0.00861363410949707,COMPLETE,0.009041778246561686,0.008571648597717285,0.009940052032470703,0.00861363410949707
34,0.12795161604881286,2025-08-24 19:38:01.003777,2025-08-24 19:43:32.043824,0 days 00:05:31.040047,100,,normal,5,zero,,1.5698573371230564e-06,9702,16,848,784,0.9554456629821021,pca,old,0.8219145201736515,tanh,0.01245124340057373,0.011536502838134765,0.012964320182800294,0.012852907180786133,COMPLETE,0.01245124340057373,0.011536502838134765,0.012964320182800294,0.012852907180786133
35,0.1134677454829216,2025-08-24 19:43:32.044184,2025-08-24 20:10:56.260501,0 days 00:27:24.216317,20,0.00023030123347169337,uniform,5,zero,,0.00022925779841068158,7530,624,304,272,,colnorm,Glorot,,logistic,0.013027795155843099,0.013199281692504884,0.012829947471618652,0.013054156303405761,COMPLETE,0.013027795155843099,0.013199281692504884,0.012829947471618652,0.013054156303405761
36,0.1134677454829216,2025-08-24 20:10:56.262706,2025-08-24 20:16:40.104567,0 days 00:05:43.841861,100,,uniform,6,nz,0.007026571679037962,0.5761867715961069,345,480,560,336,0.9027008437002731,pca,Glorot,,logistic,0.011909135182698566,0.013207244873046874,0.012960720062255859,0.009559440612792968,COMPLETE,0.011909135182698566,0.013207244873046874,0.012960720062255859,0.009559440612792968
37,0.1134677454829216,2025-08-24 20:16:40.104914,2025-08-24 20:22:11.447361,0 days 00:05:31.342447,100,,uniform,8,zero,,0.04691042508931178,325,320,656,880,,raw,old,0.7969697448675397,logistic,0.013191437721252442,0.013067412376403808,0.013406133651733399,0.013100767135620117,COMPLETE,0.013191437721252442,0.013067412376403808,0.013406133651733399,0.013100767135620117
38,0.1134677454829216,2025-08-24 20:22:11.447672,2025-08-24 20:27:43.430915,0 days 00:05:31.983243,100,1.3392800430171726e-07,uniform,7,zero,,5.181088778462791e-05,1530,624,768,64,,colnorm,old,0.5361051597480313,logistic,0.0129824956258138,0.013241934776306152,0.012793469429016113,0.01291208267211914,COMPLETE,0.0129824956258138,0.013241934776306152,0.012793469429016113,0.01291208267211914
39,0.1134677454829216,2025-08-24 20:27:43.431227,2025-08-24 20:56:26.023546,0 days 00:28:42.592319,20,,uniform,6,nz,2.7074231357934203e-07,2.7495142582401574e-05,3457,528,320,288,,raw,old,0.9842803384827483,logistic,0.013101236025492352,0.01322021484375,0.013056254386901856,0.013027238845825195,COMPLETE,0.013101236025492352,0.01322021484375,0.013056254386901856,0.013027238845825195
40,0.1134677454829216,2025-08-24 20:56:26.023921,2025-08-24 21:23:33.546462,0 days 00:27:07.522541,20,,uniform,7,zero,,7.1487242727983216e-06,669,400,672,560,0.733548195301683,pca,Glorot,,logistic,0.012965106964111328,0.013085341453552246,0.013018131256103516,0.012791848182678223,COMPLETE,0.012965106964111328,0.013085341453552246,0.013018131256103516,0.012791848182678223
41,0.1134677454829216,2025-08-24 21:23:33.546856,2025-08-24 21:29:17.543393,0 days 00:05:43.996537,100,,uniform,5,nz,2.172158274853957e-05,4.971380801717752e-05,489,848,896,752,0.6078982381999125,pca,old,1.570720193391757,logistic,0.013129377365112304,0.013220071792602539,0.013210463523864745,0.012957596778869629,COMPLETE,0.013129377365112304,0.013220071792602539,0.013210463523864745,0.012957596778869629
42,0.1134677454829216,2025-08-24 21:29:17.543705,2025-08-24 21:34:51.522807,0 days 00:05:33.979102,100,,normal,6,zero,,5.05629522128911e-05,628,704,16,912,,raw,old,1.6729318569045701,logistic,0.013407230377197266,0.013390612602233887,0.013930916786193848,0.012900161743164062,COMPLETE,0.013407230377197266,0.013390612602233887,0.013930916786193848,0.012900161743164062
43,0.8653709769248963,2025-08-24 21:34:51.523138,2025-08-24 21:40:24.053470,0 days 00:05:32.530332,100,,uniform,7,zero,,0.004181806786036181,9187,128,272,528,0.5725305842963468,pca,old,0.6347679358457043,tanh,0.009862581888834635,0.008129143714904785,0.010189628601074219,0.011268973350524902,COMPLETE,0.009862581888834635,0.008129143714904785,0.010189628601074219,0.011268973350524902
44,0.1134677454829216,2025-08-24 21:40:24.053745,2025-08-24 22:09:11.829524,0 days 00:28:47.775779,20,,uniform,7,nz,2.560791683250174e-08,6.497661227159869e-05,996,448,944,160,0.878173217327606,pca,Glorot,,tanh,0.013030473391215006,0.013181519508361817,0.01298086643218994,0.012929034233093262,COMPLETE,0.013030473391215006,0.013181519508361817,0.01298086643218994,0.012929034233093262
45,0.8090161442756653,2025-08-24 22:09:11.830394,2025-08-24 22:37:43.455468,0 days 00:28:31.625074,20,,uniform,6,nz,4.2668947270063475e-06,0.009261598751419355,1303,240,864,224,0.7526980705455009,pca,old,1.2313563468120658,tanh,0.011732506752014158,0.011408543586730957,0.01248931884765625,0.011299657821655273,COMPLETE,0.011732506752014158,0.011408543586730957,0.01248931884765625,0.011299657821655273
46,0.12316129505634307,2025-08-24 22:37:43.455844,2025-08-24 22:43:32.820788,0 days 00:05:49.364944,100,,uniform,5,nz,3.29024119804691e-08,1.2532733251536745e-06,125,224,896,592,0.9280040816529784,pca,old,1.95298129373683,tanh,0.013239733378092448,0.013255906105041505,0.01328885555267334,0.0131744384765625,COMPLETE,0.013239733378092448,0.013255906105041505,0.01328885555267334,0.0131744384765625
47,0.2204032361507416,2025-08-24 22:43:32.821166,2025-08-24 22:49:05.651741,0 days 00:05:32.830575,100,,normal,5,zero,,0.00011442100841843391,306,128,672,816,0.7013913968225263,pca,old,1.2743207063277995,tanh,0.012981605529785155,0.012828350067138672,0.013112235069274902,0.013004231452941894,COMPLETE,0.012981605529785155,0.012828350067138672,0.013112235069274902,0.013004231452941894
48,0.8081451773643493,2025-08-24 22:49:05.652060,2025-08-24 23:17:31.540439,0 days 00:28:25.888379,20,1.5213799637263695e-05,normal,7,nz,0.00010849668078145311,0.04064835377827358,383,576,496,1008,,colnorm,Glorot,,tanh,0.01191589037577311,0.011330223083496094,0.011908411979675293,0.012509036064147949,COMPLETE,0.01191589037577311,0.011330223083496094,0.011908411979675293,0.012509036064147949
49,0.1134677454829216,2025-08-24 23:17:31.540832,2025-08-24 23:46:22.838027,0 days 00:28:51.297195,20,,uniform,6,nz,0.0007388299612462084,2.6838463465390414e-05,258,192,128,848,,raw,Glorot,,logistic,0.012959186236063638,0.012823724746704101,0.012879228591918946,0.013174605369567872,COMPLETE,0.012959186236063638,0.012823724746704101,0.012879228591918946,0.013174605369567872
50,0.6599838972091675,2025-08-24 23:46:22.838418,2025-08-25 00:14:54.339662,0 days 00:28:31.501244,20,,uniform,8,nz,1.908237513615749e-06,0.009531024033067244,2537,288,272,80,,raw,old,0.27563829445908666,tanh,0.010812481244405111,0.012084031105041504,0.011775374412536621,0.008578038215637207,COMPLETE,0.010812481244405111,0.012084031105041504,0.011775374412536621,0.008578038215637207
51,0.1134677454829216,2025-08-25 00:14:54.340537,2025-08-25 00:20:44.919590,0 days 00:05:50.579053,100,,normal,8,nz,0.0005657840674477493,0.034360924836067806,2216,336,48,592,0.899069644786243,pca,Glorot,,logistic,0.01289087931315104,0.01298520565032959,0.012701869010925293,0.012985563278198243,COMPLETE,0.01289087931315104,0.01298520565032959,0.012701869010925293,0.012985563278198243
52,0.1134677454829216,2025-08-25 00:20:44.919934,2025-08-25 00:49:19.215889,0 days 00:28:34.295955,20,,normal,8,nz,1.4738360525117118e-05,0.01606188977318872,768,832,896,544,,raw,Glorot,,logistic,0.013078840573628743,0.012935471534729005,0.013252735137939453,0.013048315048217773,COMPLETE,0.013078840573628743,0.012935471534729005,0.013252735137939453,0.013048315048217773
53,0.1134677454829216,2025-08-25 00:49:19.216262,2025-08-25 00:55:08.140277,0 days 00:05:48.924015,100,6.415696825107625e-08,uniform,6,nz,1.463798032767135e-05,1.8880093046200602e-05,4520,656,624,544,,colnorm,old,0.33226944075447534,logistic,0.01313790480295817,0.013067173957824706,0.013088726997375488,0.013257813453674317,COMPLETE,0.01313790480295817,0.013067173957824706,0.013088726997375488,0.013257813453674317
54,0.1134677454829216,2025-08-25 00:55:08.141124,2025-08-25 01:00:36.172717,0 days 00:05:28.031593,100,1.751843747942396e-08,normal,5,zero,,0.00039626846541448643,137,272,768,32,,colnorm,Glorot,,tanh,0.012858152389526367,0.012778592109680176,0.013188910484313966,0.012606954574584961,COMPLETE,0.012858152389526367,0.012778592109680176,0.013188910484313966,0.012606954574584961
55,0.1134677454829216,2025-08-25 01:00:36.173036,2025-08-25 01:27:39.615017,0 days 00:27:03.441981,20,,normal,8,zero,,0.012559696107890185,1432,432,1024,192,0.953042012991536,pca,Glorot,,logistic,0.013124744097391764,0.012999844551086426,0.013206028938293457,0.01316835880279541,COMPLETE,0.013124744097391764,0.012999844551086426,0.013206028938293457,0.01316835880279541
56,0.1134677454829216,2025-08-25 01:27:39.615408,2025-08-25 01:54:59.233760,0 days 00:27:19.618352,20,,normal,7,zero,,0.00011244131578424073,333,224,416,896,,raw,old,1.0628015400286273,logistic,0.012988503774007162,0.01292719841003418,0.013218283653259277,0.012820029258728027,COMPLETE,0.012988503774007162,0.01292719841003418,0.013218283653259277,0.012820029258728027
57,0.807241952419281,2025-08-25 01:54:59.234117,2025-08-25 02:00:44.471224,0 days 00:05:45.237107,100,,normal,5,nz,5.516200974192991e-06,0.13578312866837985,285,288,704,32,0.6163250579168666,pca,old,1.4501074686859041,tanh,0.007674217224121094,0.008468532562255859,0.011608576774597168,0.002945542335510254,COMPLETE,0.007674217224121094,0.008468532562255859,0.011608576774597168,0.002945542335510254
58,0.11572581231594085,2025-08-25 02:00:44.471548,2025-08-25 02:06:34.352319,0 days 00:05:49.880771,100,,normal,5,nz,0.002299092964953526,1.9043935539466418e-06,282,416,32,720,0.7655584808490381,pca,old,1.0288984288444483,tanh,0.013405132293701173,0.013029813766479492,0.013970899581909179,0.013214683532714844,COMPLETE,0.013405132293701173,0.013029813766479492,0.013970899581909179,0.013214683532714844
59,0.1134677454829216,2025-08-25 02:06:34.354115,2025-08-25 02:12:23.306810,0 days 00:05:48.952695,100,,normal,5,nz,1.6212064962454547e-08,3.022746447459181e-06,263,112,640,624,,raw,Glorot,,logistic,0.013033596674601237,0.01289958953857422,0.013182973861694336,0.013018226623535157,COMPLETE,0.013033596674601237,0.01289958953857422,0.013182973861694336,0.013018226623535157
60,0.1355161339044571,2025-08-25 02:12:23.307172,2025-08-25 02:39:15.373445,0 days 00:26:52.066273,20,6.216309065033519e-09,normal,7,zero,,1.9674692060151844e-06,512,560,800,800,,colnorm,Glorot,,tanh,0.013017034530639649,0.013030028343200684,0.013157248497009277,0.012863826751708985,COMPLETE,0.013017034530639649,0.013030028343200684,0.013157248497009277,0.012863826751708985
61,0.1134677454829216,2025-08-25 02:39:15.373807,2025-08-25 03:07:11.226867,0 days 00:27:55.853060,20,,normal,5,nz,3.83410000719568e-08,0.8998828949752957,280,96,640,208,,raw,old,1.4121636882810773,logistic,0.012025030453999839,0.01310429573059082,0.012189078330993652,0.01078171730041504,COMPLETE,0.012025030453999839,0.01310429573059082,0.012189078330993652,0.01078171730041504
62,0.0978064551949501,2025-08-25 03:07:11.227244,2025-08-25 03:12:36.803159,0 days 00:05:25.575915,100,1.6514020850636604e-05,uniform,6,zero,,0.5952583710834207,4435,864,160,992,,colnorm,Glorot,,tanh,,,,,COMPLETE,,,,
63,0.1134677454829216,2025-08-25 03:12:36.803459,2025-08-25 03:18:11.466528,0 days 00:05:34.663069,100,,normal,5,nz,3.4195612894237447e-06,0.0006660670168108011,1054,368,896,848,0.5447326219797635,pca,Glorot,,logistic,0.013042426109313963,0.01317455768585205,0.013002681732177734,0.01295003890991211,COMPLETE,0.013042426109313963,0.01317455768585205,0.013002681732177734,0.01295003890991211
64,0.1134677454829216,2025-08-25 03:18:11.467306,2025-08-25 03:44:34.925048,0 days 00:26:23.457742,20,,uniform,8,zero,,1.669107370550262e-05,1379,432,256,560,0.7737163158335163,pca,old,0.2605156191144535,logistic,0.013138484954833983,0.013028287887573242,0.013211202621459962,0.01317596435546875,COMPLETE,0.013138484954833983,0.013028287887573242,0.013211202621459962,0.01317596435546875
65,0.22022581696510315,2025-08-25 03:44:34.925429,2025-08-25 04:12:36.577395,0 days 00:28:01.651966,20,2.4127818576783964e-05,uniform,7,zero,,0.0012526762594618482,429,976,48,592,,colnorm,old,1.7062735826536,tanh,0.013146432240804036,0.012958741188049317,0.013245677947998047,0.013234877586364746,COMPLETE,0.013146432240804036,0.012958741188049317,0.013245677947998047,0.013234877586364746
66,0.1134677454829216,2025-08-25 04:12:36.577769,2025-08-25 04:40:20.229768,0 days 00:27:43.651999,20,,normal,6,nz,0.0013027462719847785,0.00402905642351582,1771,976,800,816,0.8339105809471609,pca,old,0.5066073383181098,logistic,0.013219904899597167,0.013017582893371581,0.013365650177001953,0.013276481628417968,COMPLETE,0.013219904899597167,0.013017582893371581,0.013365650177001953,0.013276481628417968
67,0.1134677454829216,2025-08-25 04:40:20.230148,2025-08-25 05:06:54.325110,0 days 00:26:34.094962,20,,normal,7,zero,,0.004162481064856318,645,240,384,32,,raw,old,0.7593633396325661,tanh,0.013585877418518069,0.013240981101989745,0.01321408748626709,0.014302563667297364,COMPLETE,0.013585877418518069,0.013240981101989745,0.01321408748626709,0.014302563667297364
68,0.8825484395027161,2025-08-25 05:06:54.325486,2025-08-25 05:34:57.742146,0 days 00:28:03.416660,20,1.724522038305039e-05,uniform,7,nz,0.003538812803411572,0.32670485779580694,8959,176,304,640,,colnorm,Glorot,,tanh,18506.760974550245,0.5371166467666626,55519.741119384766,0.004687619209289551,COMPLETE,18506.760974550245,0.5371166467666626,55519.741119384766,0.004687619209289551
69,0.1134677454829216,2025-08-25 05:34:57.742505,2025-08-25 06:02:46.585929,0 days 00:27:48.843424,20,,normal,7,nz,2.0511479881760424e-06,7.306119523077502e-06,475,704,704,896,,raw,Glorot,,tanh,0.013035392761230469,0.013108086585998536,0.01293489933013916,0.013063192367553711,COMPLETE,0.013035392761230469,0.013108086585998536,0.01293489933013916,0.013063192367553711
70,0.1134677454829216,2025-08-25 06:02:46.586306,2025-08-25 06:08:26.369277,0 days 00:05:39.782971,100,,uniform,5,nz,0.002047183595142134,0.0005149378641878814,9909,1024,192,400,,raw,Glorot,,logistic,0.01305050849914551,0.013054966926574707,0.01302793025970459,0.013068628311157227,COMPLETE,0.01305050849914551,0.013054966926574707,0.01302793025970459,0.013068628311157227
71,0.11446774601936341,2025-08-25 06:08:26.369564,2025-08-25 06:34:51.061487,0 days 00:26:24.691923,20,1.828699663710854e-06,normal,6,zero,,0.00029853012204985674,3582,208,32,112,,colnorm,Glorot,,tanh,0.013089354832967123,0.012849807739257812,0.013629913330078125,0.012788343429565429,COMPLETE,0.013089354832967123,0.012849807739257812,0.013629913330078125,0.012788343429565429
72,0.1134677454829216,2025-08-25 06:34:51.063422,2025-08-25 06:40:13.682089,0 days 00:05:22.618667,100,,normal,8,zero,,0.005394936353663792,106,128,896,1008,,raw,old,1.4247474048067157,logistic,0.012947567303975421,0.012800884246826173,0.013103389739990234,0.012938427925109863,COMPLETE,0.012947567303975421,0.012800884246826173,0.013103389739990234,0.012938427925109863
73,0.1134677454829216,2025-08-25 06:40:13.682885,2025-08-25 07:08:27.151649,0 days 00:28:13.468764,20,,normal,8,nz,3.0054880136460905e-05,0.010472513085858672,482,192,432,992,,raw,old,0.4039701388121527,logistic,0.012998294830322265,0.013062739372253418,0.012795615196228027,0.013136529922485351,COMPLETE,0.012998294830322265,0.013062739372253418,0.012795615196228027,0.013136529922485351
74,0.1134677454829216,2025-08-25 07:08:27.153432,2025-08-25 07:13:49.475170,0 days 00:05:22.321738,100,,uniform,6,zero,,0.4442507161971683,497,80,128,464,,raw,Glorot,,logistic,0.01293470064798991,0.012809109687805176,0.013211321830749512,0.012783670425415039,COMPLETE,0.01293470064798991,0.012809109687805176,0.013211321830749512,0.012783670425415039
75,0.1134677454829216,2025-08-25 07:13:49.475520,2025-08-25 07:41:58.438491,0 days 00:28:08.962971,20,1.1552294836508981e-05,uniform,5,nz,5.719200901848992e-07,0.00302353028482557,545,16,400,368,,colnorm,Glorot,,logistic,0.011746048927307129,0.009059524536132813,0.013213133811950684,0.01296548843383789,COMPLETE,0.011746048927307129,0.009059524536132813,0.013213133811950684,0.01296548843383789
76,0.8477580904960632,2025-08-25 07:41:58.440310,2025-08-25 08:10:18.197635,0 days 00:28:19.757325,20,,uniform,5,nz,1.0929030225579458e-05,0.05526123546971311,519,560,16,832,,raw,old,1.1062781748784758,tanh,0.00850193500518799,0.011147522926330566,0.0025061607360839845,0.011852121353149414,COMPLETE,0.00850193500518799,0.011147522926330566,0.0025061607360839845,0.011852121353149414
77,0.1134677454829216,2025-08-25 08:10:18.199404,2025-08-25 08:38:07.561325,0 days 00:27:49.361921,20,,normal,5,nz,0.0024818971609574785,0.001470689458533909,223,624,864,384,,raw,old,1.4497512673107567,logistic,0.013029019037882486,0.013071513175964356,0.013026142120361328,0.012989401817321777,COMPLETE,0.013029019037882486,0.013071513175964356,0.013026142120361328,0.012989401817321777
78,0.14211290925741196,2025-08-25 08:38:07.563205,2025-08-25 08:43:30.532124,0 days 00:05:22.968919,100,1.8288682033366743e-09,normal,7,zero,,5.209507737454782e-05,7173,608,672,736,,colnorm,Glorot,,tanh,0.012933802604675292,0.012864255905151367,0.013132596015930175,0.012804555892944335,COMPLETE,0.012933802604675292,0.012864255905151367,0.013132596015930175,0.012804555892944335
79,0.17258065044879914,2025-08-25 08:43:30.533263,2025-08-25 09:11:19.346524,0 days 00:27:48.813261,20,,normal,7,nz,7.5982339338928935e-06,0.00024333902003450853,940,432,896,880,0.9577976636767824,pca,Glorot,,tanh,0.013036362330118817,0.01297614574432373,0.013258409500122071,0.012874531745910644,COMPLETE,0.013036362330118817,0.01297614574432373,0.013258409500122071,0.012874531745910644
80,0.1134677454829216,2025-08-25 09:11:19.346908,2025-08-25 09:16:44.212339,0 days 00:05:24.865431,100,,normal,8,zero,,0.0007831629199118197,2157,256,912,656,,raw,Glorot,,logistic,0.012974007924397785,0.012966156005859375,0.012938594818115235,0.01301727294921875,COMPLETE,0.012974007924397785,0.012966156005859375,0.012938594818115235,0.01301727294921875
81,0.1134677454829216,2025-08-25 09:16:44.212631,2025-08-25 09:44:39.727397,0 days 00:27:55.514766,20,2.987321166512225e-09,uniform,6,nz,9.270339336589598e-07,0.0003153300531912467,191,192,736,64,,colnorm,old,0.7811577646729497,tanh,0.013141767183939617,0.0128950834274292,0.013140177726745606,0.013390040397644043,COMPLETE,0.013141767183939617,0.0128950834274292,0.013140177726745606,0.013390040397644043
82,0.1134677454829216,2025-08-25 09:44:39.729454,2025-08-25 10:11:12.413286,0 days 00:26:32.683832,20,1.2196030411846235e-07,uniform,6,zero,,4.15282547283714e-05,313,32,592,112,,colnorm,old,1.759969312105208,tanh,0.012969772020975748,0.012933731079101562,0.012967801094055176,0.013007783889770507,COMPLETE,0.012969772020975748,0.012933731079101562,0.012967801094055176,0.013007783889770507
83,0.1437580704689026,2025-08-25 10:11:12.414165,2025-08-25 10:39:23.239174,0 days 00:28:10.825009,20,,uniform,5,nz,2.1661136763861623e-06,3.274927683717459e-06,808,176,816,672,0.6084474427244972,pca,old,1.3051258801137797,tanh,0.013113919893900552,0.013165760040283202,0.013136935234069825,0.013039064407348634,COMPLETE,0.013113919893900552,0.013165760040283202,0.013136935234069825,0.013039064407348634
84,0.7839516401290894,2025-08-25 10:39:23.241074,2025-08-25 11:05:49.099396,0 days 00:26:25.858322,20,,normal,7,zero,,0.003923861691503219,2896,32,80,992,,raw,Glorot,,tanh,0.009485212961832683,0.006054520606994629,0.009846210479736328,0.01255490779876709,COMPLETE,0.009485212961832683,0.006054520606994629,0.009846210479736328,0.01255490779876709
85,0.1134677454829216,2025-08-25 11:05:49.099766,2025-08-25 11:32:19.957120,0 days 00:26:30.857354,20,,uniform,5,zero,,0.001014431635458147,1068,864,992,480,,raw,Glorot,,tanh,0.013149404525756836,0.013152837753295898,0.013055229187011718,0.01324014663696289,COMPLETE,0.013149404525756836,0.013152837753295898,0.013055229187011718,0.01324014663696289
86,0.0978064551949501,2025-08-25 11:32:19.958654,2025-08-25 11:58:36.433106,0 days 00:26:16.474452,20,,uniform,8,zero,,0.4735605193943971,2316,960,512,464,0.6460435341440935,pca,old,1.73604117596699,tanh,,,,,COMPLETE,,,,
87,0.1134677454829216,2025-08-25 11:58:36.433988,2025-08-25 12:03:54.041288,0 days 00:05:17.607300,100,,normal,8,zero,,0.08206875640939185,306,896,912,416,,raw,Glorot,,logistic,0.013132063547770183,0.013176846504211425,0.013222765922546387,0.012996578216552734,COMPLETE,0.013132063547770183,0.013176846504211425,0.013222765922546387,0.012996578216552734
88,0.1134677454829216,2025-08-25 12:03:54.041578,2025-08-25 12:09:35.224566,0 days 00:05:41.182988,100,0.00038774499633955554,normal,5,nz,1.2517716974859026e-05,6.226592314145597e-05,269,960,304,160,,colnorm,Glorot,,tanh,0.013076225916544596,0.013068962097167968,0.013055109977722168,0.013104605674743652,COMPLETE,0.013076225916544596,0.013068962097167968,0.013055109977722168,0.013104605674743652
89,0.3026129186153412,2025-08-25 12:09:35.224903,2025-08-25 12:14:55.683785,0 days 00:05:20.458882,100,4.8333519605236444e-08,uniform,5,zero,,0.0005977936161489266,2699,784,208,752,,colnorm,Glorot,,tanh,0.013034621874491373,0.013091731071472167,0.01324148178100586,0.012770652770996094,COMPLETE,0.013034621874491373,0.013091731071472167,0.01324148178100586,0.012770652770996094
90,0.1134677454829216,2025-08-25 12:14:55.685294,2025-08-25 12:20:35.408056,0 days 00:05:39.722762,100,,normal,5,nz,8.427696100736457e-08,0.013439991399065815,2026,960,992,416,0.9366358132557369,pca,old,1.3367498937056617,logistic,0.01294810771942139,0.013062024116516113,0.012842059135437012,0.012940239906311036,COMPLETE,0.01294810771942139,0.013062024116516113,0.012842059135437012,0.012940239906311036
91,0.8303064942359925,2025-08-25 12:20:35.408350,2025-08-25 12:48:11.618454,0 days 00:27:36.210104,20,2.1803793799962045e-09,uniform,8,nz,0.00023150726244764282,0.17068334152726905,684,48,64,352,,colnorm,old,0.5632656467885713,tanh,0.002783481280008952,0.0009355545043945312,0.0011476993560791016,0.006267189979553223,COMPLETE,0.002783481280008952,0.0009355545043945312,0.0011476993560791016,0.006267189979553223
92,0.1134677454829216,2025-08-25 12:48:11.619604,2025-08-25 12:53:52.235169,0 days 00:05:40.615565,100,1.1288532709550233e-08,normal,8,nz,3.548133335883333e-07,0.00027018883250579996,801,576,128,688,,colnorm,Glorot,,logistic,0.013257837295532227,0.01315467357635498,0.013509821891784669,0.01310901641845703,COMPLETE,0.013257837295532227,0.01315467357635498,0.013509821891784669,0.01310901641845703
93,0.1134677454829216,2025-08-25 12:53:52.235505,2025-08-25 12:59:29.651609,0 days 00:05:37.416104,100,,normal,7,nz,2.74142013378964e-08,0.002413934507819914,1000,80,848,880,,raw,Glorot,,logistic,0.013039596875508626,0.012742161750793457,0.013195943832397462,0.013180685043334962,COMPLETE,0.013039596875508626,0.012742161750793457,0.013195943832397462,0.013180685043334962
94,0.1134677454829216,2025-08-25 12:59:29.651916,2025-08-25 13:05:07.872798,0 days 00:05:38.220882,100,,uniform,8,nz,2.462277625288763e-05,3.384982742830812e-06,205,368,464,80,0.510432518893728,pca,old,1.0392151656092825,tanh,0.013013418515523276,0.013111734390258789,0.013031625747680664,0.012896895408630371,COMPLETE,0.013013418515523276,0.013111734390258789,0.013031625747680664,0.012896895408630371
95,0.1134677454829216,2025-08-25 13:05:07.874051,2025-08-25 13:32:44.829815,0 days 00:27:36.955764,20,,normal,6,nz,0.00021848775529609749,0.00019789122138293453,245,80,48,144,,raw,Glorot,,logistic,0.01295460065205892,0.012954521179199218,0.01279747486114502,0.01311180591583252,COMPLETE,0.01295460065205892,0.012954521179199218,0.01279747486114502,0.01311180591583252
96,0.1134677454829216,2025-08-25 13:32:44.830692,2025-08-25 13:59:00.970357,0 days 00:26:16.139665,20,,uniform,6,zero,,2.5256320533584918e-05,4201,384,512,1024,,raw,Glorot,,tanh,0.013034820556640625,0.013132739067077636,0.012947940826416015,0.013023781776428222,COMPLETE,0.013034820556640625,0.013132739067077636,0.012947940826416015,0.013023781776428222
97,0.1596774250268936,2025-08-25 13:59:00.970713,2025-08-25 14:04:21.232744,0 days 00:05:20.262031,100,,uniform,8,zero,,1.2136328659454427e-05,6951,1024,688,704,0.5587479583842954,pca,old,1.3223344701287822,tanh,0.013121827443440754,0.013250899314880372,0.013021302223205567,0.013093280792236327,COMPLETE,0.013121827443440754,0.013250899314880372,0.013021302223205567,0.013093280792236327
98,0.1134677454829216,2025-08-25 14:04:21.234720,2025-08-25 14:32:03.084290,0 days 00:27:41.849570,20,,uniform,6,nz,0.0002847038255471888,4.462153827958364e-06,776,288,528,96,,raw,old,1.3907850918825149,logistic,0.012922112147013345,0.01297013759613037,0.01306602954864502,0.012730169296264648,COMPLETE,0.012922112147013345,0.01297013759613037,0.01306602954864502,0.012730169296264648
99,0.1134677454829216,2025-08-25 14:32:03.084655,2025-08-25 14:37:45.517643,0 days 00:05:42.432988,100,,uniform,7,nz,0.004111955581196812,0.33813168080500267,4468,848,96,336,0.9811809374020812,pca,Glorot,,logistic,0.1718995412190755,0.26453044414520266,0.07036881446838379,0.18079936504364014,COMPLETE,0.1718995412190755,0.26453044414520266,0.07036881446838379,0.18079936504364014
100,0.8732419967651367,2025-08-25 14:37:45.517923,2025-08-25 14:43:24.294600,0 days 00:05:38.776677,100,,uniform,6,nz,0.0007353846591513756,0.05267814800371579,4915,768,144,112,,raw,old,0.7560973747072997,tanh,0.0012652238210042316,0.0032032251358032225,0.0005417585372924805,5.0687789916992186e-05,COMPLETE,0.0012652238210042316,0.0032032251358032225,0.0005417585372924805,5.0687789916992186e-05
101,0.6768064737319947,2025-08-25 14:43:24.295399,2025-08-25 15:11:22.693269,0 days 00:27:58.397870,20,,uniform,5,nz,0.0033103700860944827,0.0022136863467384004,1112,272,992,592,0.528676698848741,pca,Glorot,,tanh,0.012622046470642091,0.012400388717651367,0.01265544891357422,0.012810301780700684,COMPLETE,0.012622046470642091,0.012400388717651367,0.01265544891357422,0.012810301780700684
102,0.1134677454829216,2025-08-25 15:11:22.695119,2025-08-25 15:16:57.327694,0 days 00:05:34.632575,100,,uniform,5,nz,3.444613906553896e-07,0.00014941549846130814,1996,752,96,64,0.8516187294693436,pca,Glorot,,tanh,0.01312569777170817,0.013168883323669434,0.01304163932800293,0.013166570663452148,COMPLETE,0.01312569777170817,0.013168883323669434,0.01304163932800293,0.013166570663452148
103,0.5622419595718384,2025-08-25 15:16:57.328002,2025-08-25 15:43:21.576391,0 days 00:26:24.248389,20,,normal,6,zero,,0.03592694475331578,2728,528,288,448,0.6456468954678892,pca,old,0.8565079483617597,logistic,0.010564812024434407,0.01103508472442627,0.010200142860412598,0.010459208488464355,COMPLETE,0.010564812024434407,0.01103508472442627,0.010200142860412598,0.010459208488464355
104,0.811629056930542,2025-08-25 15:43:21.576740,2025-08-25 15:48:45.586665,0 days 00:05:24.009925,100,,normal,8,zero,,0.6139132114018869,210,880,96,400,0.6234220817815539,pca,old,0.8105313732764228,logistic,0.006365847587585449,0.0087965726852417,0.002879476547241211,0.0074214935302734375,COMPLETE,0.006365847587585449,0.0087965726852417,0.002879476547241211,0.0074214935302734375
105,0.1134677454829216,2025-08-25 15:48:45.586971,2025-08-25 15:54:27.188767,0 days 00:05:41.601796,100,,normal,7,nz,2.1888121718968676e-05,3.899185824842578e-06,255,928,112,240,,raw,old,1.7915128359356882,logistic,0.013018449147542318,0.01305544376373291,0.01293025016784668,0.013069653511047363,COMPLETE,0.013018449147542318,0.01305544376373291,0.01293025016784668,0.013069653511047363
106,0.1134677454829216,2025-08-25 15:54:27.189054,2025-08-25 15:59:46.531045,0 days 00:05:19.341991,100,,normal,6,zero,,1.3515422817432785e-06,322,656,768,736,,raw,Glorot,,logistic,0.012859543164571127,0.012850236892700196,0.012863063812255859,0.012865328788757324,COMPLETE,0.012859543164571127,0.012850236892700196,0.012863063812255859,0.012865328788757324
107,0.1134677454829216,2025-08-25 15:59:46.531334,2025-08-25 16:05:20.091446,0 days 00:05:33.560112,100,,normal,7,nz,5.5265334597860166e-08,0.0005625741355536669,1156,704,912,448,,raw,old,1.642494603215066,logistic,0.013191890716552733,0.013241219520568847,0.01319873332977295,0.013135719299316406,COMPLETE,0.013191890716552733,0.013241219520568847,0.01319873332977295,0.013135719299316406
108,0.1134677454829216,2025-08-25 16:05:20.091735,2025-08-25 16:10:55.342298,0 days 00:05:35.250563,100,,normal,5,nz,0.0001145850051688029,0.0005395025599042587,358,32,896,400,,raw,Glorot,,tanh,0.01289519468943278,0.012613368034362794,0.013178658485412598,0.01289355754852295,COMPLETE,0.01289519468943278,0.012613368034362794,0.013178658485412598,0.01289355754852295
109,0.7763064861297607,2025-08-25 16:10:55.342607,2025-08-25 16:37:14.996550,0 days 00:26:19.653943,20,2.7117255268811053e-08,uniform,6,zero,,0.005331866230613313,8989,352,592,432,,colnorm,Glorot,,tanh,0.009845821062723796,0.00874001979827881,0.010698151588439942,0.010099291801452637,COMPLETE,0.009845821062723796,0.00874001979827881,0.010698151588439942,0.010099291801452637
110,0.1134677454829216,2025-08-25 16:37:14.998807,2025-08-25 16:42:54.628425,0 days 00:05:39.629618,100,5.288336900227144e-06,normal,8,nz,0.004320903968442046,0.0009252907055416628,2001,384,240,800,,colnorm,old,1.328324707500852,logistic,0.013150938351949056,0.013345885276794433,0.013105344772338868,0.013001585006713867,COMPLETE,0.013150938351949056,0.013345885276794433,0.013105344772338868,0.013001585006713867
111,0.1134677454829216,2025-08-25 16:42:54.628704,2025-08-25 16:48:17.178178,0 days 00:05:22.549474,100,,normal,8,zero,,1.0018361779415834e-05,1155,48,656,480,,raw,Glorot,,tanh,0.012837767601013184,0.012079668045043946,0.013071751594543457,0.013361883163452149,COMPLETE,0.012837767601013184,0.012079668045043946,0.013071751594543457,0.013361883163452149
112,0.1134677454829216,2025-08-25 16:48:17.178470,2025-08-25 16:53:43.343658,0 days 00:05:26.165188,100,1.7441656182229607e-05,normal,5,zero,,0.0006707518306306594,499,624,576,192,,colnorm,Glorot,,tanh,0.013143817583719889,0.013086032867431641,0.01314549446105957,0.013199925422668457,COMPLETE,0.013143817583719889,0.013086032867431641,0.01314549446105957,0.013199925422668457
113,0.8382258415222168,2025-08-25 16:53:43.344005,2025-08-25 17:20:26.395641,0 days 00:26:43.051636,20,,uniform,5,zero,,0.28515435148771523,2149,720,304,1008,0.7902953685970416,pca,old,1.9391985264658271,tanh,0.0019490718841552734,0.000228118896484375,-3.123283386230469e-05,0.00565032958984375,COMPLETE,0.0019490718841552734,0.000228118896484375,-3.123283386230469e-05,0.00565032958984375
114,0.1134677454829216,2025-08-25 17:20:26.396015,2025-08-25 17:25:47.474402,0 days 00:05:21.078387,100,,normal,5,zero,,0.001234042288951053,5868,112,48,384,0.7471181705245546,pca,old,1.4661189703538995,logistic,0.013094814618428548,0.013446950912475586,0.012741279602050782,0.013096213340759277,COMPLETE,0.013094814618428548,0.013446950912475586,0.012741279602050782,0.013096213340759277
115,0.1134677454829216,2025-08-25 17:25:47.474689,2025-08-25 17:31:08.754504,0 days 00:05:21.279815,100,0.00021678771507405815,uniform,5,zero,,0.011841837603657143,3072,160,848,560,,colnorm,old,1.2288533631939245,logistic,0.013182473182678222,0.013467907905578613,0.01319873332977295,0.012880778312683106,COMPLETE,0.013182473182678222,0.013467907905578613,0.01319873332977295,0.012880778312683106
116,0.1134677454829216,2025-08-25 17:31:08.754780,2025-08-25 17:36:43.330143,0 days 00:05:34.575363,100,,normal,5,nz,2.122958772556124e-05,0.00011245497648023927,4640,496,592,784,,raw,Glorot,,tanh,0.013111003239949544,0.012917065620422363,0.013211369514465332,0.013204574584960938,COMPLETE,0.013111003239949544,0.012917065620422363,0.013211369514465332,0.013204574584960938
117,0.1134677454829216,2025-08-25 17:36:43.330500,2025-08-25 18:03:20.671406,0 days 00:26:37.340906,20,,normal,6,zero,,1.3212306887204596e-05,291,928,320,96,,raw,Glorot,,tanh,0.012756840387980145,0.013002538681030273,0.013003921508789063,0.012264060974121093,COMPLETE,0.012756840387980145,0.013002538681030273,0.013003921508789063,0.012264060974121093
118,0.0978064551949501,2025-08-25 18:03:20.672259,2025-08-25 18:29:55.626869,0 days 00:26:34.954610,20,,normal,6,zero,,0.6676236259928471,4506,304,192,560,,raw,old,1.072007186941979,tanh,,,,,COMPLETE,,,,
119,0.8055967807769775,2025-08-25 18:29:55.627211,2025-08-25 18:56:17.538411,0 days 00:26:21.911200,20,,normal,7,zero,,0.003597926709130101,2116,992,512,880,0.9606516766746219,pca,old,1.0710534244543415,tanh,0.012361470858256021,0.0122711181640625,0.012303900718688966,0.012509393692016601,COMPLETE,0.012361470858256021,0.0122711181640625,0.012303900718688966,0.012509393692016601
120,0.789403247833252,2025-08-25 18:56:17.539382,2025-08-25 19:01:41.630674,0 days 00:05:24.091292,100,3.788581142616804e-09,uniform,8,zero,,0.006463893771225853,1594,144,896,528,,colnorm,old,1.9268954932258746,tanh,0.012024124463399252,0.011259031295776368,0.012663555145263673,0.012149786949157715,COMPLETE,0.012024124463399252,0.011259031295776368,0.012663555145263673,0.012149786949157715
121,0.8227258443832397,2025-08-25 19:01:41.630981,2025-08-25 19:29:37.449188,0 days 00:27:55.818207,20,,normal,6,nz,1.0680722288043689e-08,0.12364702955414512,195,752,112,272,0.9140263804633988,pca,old,1.4949664316646865,tanh,0.008765792846679688,0.009432196617126465,0.007574248313903809,0.009290933609008789,COMPLETE,0.008765792846679688,0.009432196617126465,0.007574248313903809,0.009290933609008789
122,0.1134677454829216,2025-08-25 19:29:37.449557,2025-08-25 19:57:18.905776,0 days 00:27:41.456219,20,3.182651168708131e-08,uniform,7,nz,0.0009172583772937015,8.532298090996893e-05,374,592,688,256,,colnorm,Glorot,,tanh,0.013069430987040201,0.013289070129394532,0.0131622314453125,0.012756991386413574,COMPLETE,0.013069430987040201,0.013289070129394532,0.0131622314453125,0.012756991386413574
123,0.1493871033191681,2025-08-25 19:57:18.906139,2025-08-25 20:02:43.463666,0 days 00:05:24.557527,100,9.551899663881542e-06,normal,8,zero,,0.0020179188305637146,491,144,240,368,,colnorm,Glorot,,tanh,0.01321094830830892,0.013219523429870605,0.013144826889038086,0.013268494606018066,COMPLETE,0.01321094830830892,0.013219523429870605,0.013144826889038086,0.013268494606018066
124,0.556370985507965,2025-08-25 20:02:43.463965,2025-08-25 20:29:29.822557,0 days 00:26:46.358592,20,0.0009335783146413682,normal,5,zero,,0.0002524963632971082,9970,32,608,720,,colnorm,old,0.8206984998141482,tanh,0.012437971433003745,0.01163156032562256,0.012714242935180664,0.012968111038208007,COMPLETE,0.012437971433003745,0.01163156032562256,0.012714242935180664,0.012968111038208007
125,0.708919370174408,2025-08-25 20:29:29.822915,2025-08-25 20:34:46.143689,0 days 00:05:16.320774,100,,normal,7,zero,,0.05966882465794208,130,336,480,832,,raw,old,0.9057823807953762,tanh,0.01240955988566081,0.011924195289611816,0.01233205795288086,0.012972426414489747,COMPLETE,0.01240955988566081,0.011924195289611816,0.01233205795288086,0.012972426414489747
126,0.6442258358001709,2025-08-25 20:34:46.144035,2025-08-25 20:40:12.246305,0 days 00:05:26.102270,100,5.388129518308598e-07,uniform,8,zero,,0.0007985675440229626,6175,784,320,928,,colnorm,old,0.5598299165511067,tanh,0.01283094088236491,0.012858390808105469,0.012770962715148926,0.012863469123840333,COMPLETE,0.01283094088236491,0.012858390808105469,0.012770962715148926,0.012863469123840333
127,0.1134677454829216,2025-08-25 20:40:12.246591,2025-08-25 20:45:52.397547,0 days 00:05:40.150956,100,1.9189470902339894e-06,uniform,6,nz,1.0848962800032886e-05,1.7275482847827764e-05,1004,224,352,848,,colnorm,old,0.8360967564015054,tanh,0.012814418474833172,0.012564253807067872,0.013038372993469239,0.012840628623962402,COMPLETE,0.012814418474833172,0.012564253807067872,0.013038372993469239,0.012840628623962402
